{
  "9x9@10": {
    "board_height": 9,
    "board_width": 9,
    "n_mines": 10,
    "k_blocks": 10,
    "episodes_per_block": 1000,
    "win_rates": [
      0.724,
      0.731,
      0.739,
      0.718,
      0.744,
      0.714,
      0.725,
      0.719,
      0.749,
      0.728
    ],
    "mean_returns": [
      1.2793521126760563,
      1.3009225352112677,
      1.3123802816901409,
      1.2656971830985915,
      1.3208802816901406,
      1.264887323943662,
      1.285394366197183,
      1.263661971830986,
      1.3575915492957746,
      1.3047957746478873
    ],
    "win_rate_ci": {
      "mean": 0.7291,
      "ci_low": 0.720781807531392,
      "ci_high": 0.737418192468608,
      "n": 10,
      "alpha": 0.05
    },
    "mean_return_ci": {
      "mean": 1.295556338028169,
      "ci_low": 1.274092811143585,
      "ci_high": 1.317019864912753,
      "n": 10,
      "alpha": 0.05
    }
  },
  "6x6@5": {
    "board_height": 6,
    "board_width": 6,
    "n_mines": 5,
    "k_blocks": 10,
    "episodes_per_block": 1000,
    "win_rates": [
      0.778,
      0.752,
      0.766,
      0.789,
      0.773,
      0.775,
      0.786,
      0.772,
      0.756,
      0.784
    ],
    "mean_returns": [
      1.3395806451612902,
      1.2835322580645159,
      1.314758064516129,
      1.367516129032258,
      1.332838709677419,
      1.3332580645161287,
      1.3681451612903224,
      1.3371451612903225,
      1.2973064516129031,
      1.3582096774193546
    ],
    "win_rate_ci": {
      "mean": 0.7731,
      "ci_low": 0.7643228172521259,
      "ci_high": 0.7818771827478741,
      "n": 10,
      "alpha": 0.05
    },
    "mean_return_ci": {
      "mean": 1.3332290322580644,
      "ci_low": 1.3130294567347338,
      "ci_high": 1.353428607781395,
      "n": 10,
      "alpha": 0.05
    }
  },
  "6x6@4": {
    "board_height": 6,
    "board_width": 6,
    "n_mines": 4,
    "k_blocks": 10,
    "episodes_per_block": 1000,
    "win_rates": [
      0.901,
      0.908,
      0.907,
      0.893,
      0.904,
      0.904,
      0.905,
      0.915,
      0.914,
      0.917
    ],
    "mean_returns": [
      1.672,
      1.68071875,
      1.687125,
      1.64440625,
      1.67346875,
      1.678390625,
      1.68415625,
      1.699546875,
      1.70434375,
      1.706328125
    ],
    "win_rate_ci": {
      "mean": 0.9067999999999999,
      "ci_low": 0.9016436929540894,
      "ci_high": 0.9119563070459105,
      "n": 10,
      "alpha": 0.05
    },
    "mean_return_ci": {
      "mean": 1.6830484375,
      "ci_low": 1.669945146260377,
      "ci_high": 1.6961517287396233,
      "n": 10,
      "alpha": 0.05
    }
  },
  "12x12@17": {
    "board_height": 12,
    "board_width": 12,
    "n_mines": 17,
    "k_blocks": 10,
    "episodes_per_block": 1000,
    "win_rates": [
      0.65,
      0.643,
      0.661,
      0.649,
      0.663,
      0.669,
      0.662,
      0.658,
      0.637,
      0.677
    ],
    "mean_returns": [
      1.1360157480314956,
      1.1103543307086612,
      1.1574566929133854,
      1.1327992125984248,
      1.1548661417322832,
      1.1759330708661415,
      1.162023622047244,
      1.1507283464566926,
      1.0917952755905507,
      1.197818897637795
    ],
    "win_rate_ci": {
      "mean": 0.6569,
      "ci_low": 0.6482009018293968,
      "ci_high": 0.6655990981706033,
      "n": 10,
      "alpha": 0.05
    },
    "mean_return_ci": {
      "mean": 1.1469791338582673,
      "ci_low": 1.1249390070356677,
      "ci_high": 1.169019260680867,
      "n": 10,
      "alpha": 0.05
    }
  }
}